{
  "version": 1,
  "width": 80,
  "height": 25,
  "duration": 18.636322,
  "command": null,
  "title": null,
  "env": {
    "TERM": "xterm-color",
    "SHELL": "/bin/bash"
  },
  "stdout": [
    [
      0.771405,
      "\u001b[?25h"
    ],
    [
      0.000127,
      "\u001b[0G\u001b[K"
    ],
    [
      2.9e-05,
      "\u001b[?25h"
    ],
    [
      2.4e-05,
      "\u001b[0G"
    ],
    [
      0.000111,
      "\u001b[K"
    ],
    [
      0.055576,
      "bash-3.2$ "
    ],
    [
      4.298111,
      "g"
    ],
    [
      0.070186,
      "i"
    ],
    [
      0.10547,
      "t"
    ],
    [
      0.103642,
      " "
    ],
    [
      0.135859,
      "s"
    ],
    [
      0.088221,
      "t"
    ],
    [
      0.137075,
      "a"
    ],
    [
      0.062162,
      "t"
    ],
    [
      0.106053,
      "u"
    ],
    [
      0.086712,
      "s"
    ],
    [
      0.128753,
      "\r\n"
    ],
    [
      0.010787,
      "On branch master\r\n"
    ],
    [
      4.6e-05,
      "Changes not staged for commit:\r\n  (use \"git add <file>...\" to update what will be committed)\r\n  (use \"git checkout -- <file>...\" to discard changes in working directory)\r\n\r\n\t\u001b[31mmodified:   git-up-to-speed.md\u001b[m\r\n\r\nUntracked files:\r\n  (use \"git add <file>...\" to include in what will be committed)\r\n\r\n\t\u001b[31mbooks/\u001b[m\r\n\t\u001b[31mindex.html\u001b[m\r\n\t\u001b[31mmedia/\u001b[m\r\n\t\u001b[31mvendor/\u001b[m\r\n\r\nno changes added to commit (use \"git add\" and/or \"git commit -a\")\r\n"
    ],
    [
      0.000967,
      "bash-3.2$ "
    ],
    [
      1.739317,
      "c"
    ],
    [
      0.161325,
      "a"
    ],
    [
      0.118677,
      "t"
    ],
    [
      0.14348,
      " "
    ],
    [
      0.952659,
      "."
    ],
    [
      0.263488,
      "g"
    ],
    [
      0.063871,
      "i"
    ],
    [
      0.081159,
      "n"
    ],
    [
      0.191344,
      "/"
    ],
    [
      0.60025,
      "o"
    ],
    [
      0.135169,
      "b"
    ],
    [
      0.074619,
      "j"
    ],
    [
      0.13335,
      "e"
    ],
    [
      0.360804,
      "\b\u001b[K"
    ],
    [
      0.128116,
      "\b\u001b[K"
    ],
    [
      0.145286,
      "\b\u001b[K"
    ],
    [
      0.150741,
      "\b\u001b[K"
    ],
    [
      0.14421,
      "\b\u001b[K"
    ],
    [
      0.153721,
      "\b\u001b[K"
    ],
    [
      0.117252,
      "t"
    ],
    [
      0.104478,
      "/"
    ],
    [
      0.279928,
      "o"
    ],
    [
      0.136295,
      "b"
    ],
    [
      0.120163,
      "j"
    ],
    [
      0.111131,
      "e"
    ],
    [
      0.240526,
      "cts/"
    ],
    [
      2.184575,
      "\r\n"
    ],
    [
      0.004122,
      "cat: .git/objects/: Is a directory\r\n"
    ],
    [
      0.00084,
      "bash-3.2$ "
    ],
    [
      1.026883,
      "t"
    ],
    [
      0.15251,
      "r"
    ],
    [
      0.046807,
      "e"
    ],
    [
      0.161885,
      "e"
    ],
    [
      0.102873,
      " "
    ],
    [
      0.191162,
      "."
    ],
    [
      0.289132,
      "g"
    ],
    [
      0.079658,
      "i"
    ],
    [
      0.095506,
      "t"
    ],
    [
      0.104471,
      "/"
    ],
    [
      0.25611,
      "o"
    ],
    [
      0.119925,
      "b"
    ],
    [
      0.176729,
      "j"
    ],
    [
      0.19174,
      "ects/"
    ],
    [
      0.425672,
      "\r\n"
    ],
    [
      0.009055,
      ".git/objects/\r\n"
    ],
    [
      0.000352,
      "├── 5e\r\n│   └── e0615793c8a80ed0ab0b74d5990c24226dd712\r\n"
    ],
    [
      8.7e-05,
      "├── 89\r\n│   └── 58ac28a6e8018df1b679a5e99c336b9ac370cc\r\n"
    ],
    [
      3.5e-05,
      "├── 8d\r\n│   └── 8e66bd48bdd1cd29f7d41b94cec132bac4437a\r\n"
    ],
    [
      9.6e-05,
      "├── info\r\n"
    ],
    [
      3.8e-05,
      "└── pack\r\n\r\n5 directories, 3 files\r\n"
    ],
    [
      0.000643,
      "bash-3.2$ "
    ]
  ]
}