{
  "version": 1,
  "width": 80,
  "height": 25,
  "duration": 16.435064,
  "command": null,
  "title": null,
  "env": {
    "TERM": "xterm-color",
    "SHELL": "/bin/bash"
  },
  "stdout": [
    [
      0.635317,
      "\u001b[?25h"
    ],
    [
      6.5e-05,
      "\u001b[0G\u001b[K"
    ],
    [
      8.1e-05,
      "\u001b[?25h"
    ],
    [
      3.5e-05,
      "\u001b[0G"
    ],
    [
      2.1e-05,
      "\u001b[K"
    ],
    [
      0.047514,
      "bash-3.2$ "
    ],
    [
      1.726456,
      "g"
    ],
    [
      0.072175,
      "i"
    ],
    [
      0.111943,
      "t"
    ],
    [
      0.135953,
      " "
    ],
    [
      0.864026,
      "i"
    ],
    [
      0.047921,
      "n"
    ],
    [
      0.153825,
      "i"
    ],
    [
      0.237371,
      "t"
    ],
    [
      0.232991,
      " "
    ],
    [
      0.120001,
      "b"
    ],
    [
      0.087888,
      "o"
    ],
    [
      0.143975,
      "o"
    ],
    [
      0.072221,
      "k"
    ],
    [
      0.111837,
      "s"
    ],
    [
      0.800154,
      "\r\n"
    ],
    [
      0.012951,
      "Initialized empty Git repository in /Users/eric/Dropbox/talks/git-up-to-speed/books/.git/\r\n"
    ],
    [
      0.000702,
      "bash-3.2$ "
    ],
    [
      0.834095,
      "c"
    ],
    [
      0.176272,
      "d"
    ],
    [
      0.071904,
      " "
    ],
    [
      0.143948,
      "b"
    ],
    [
      0.0642,
      "o"
    ],
    [
      0.166973,
      "o"
    ],
    [
      0.079913,
      "k"
    ],
    [
      0.137458,
      "s"
    ],
    [
      0.207413,
      "\r\n"
    ],
    [
      0.000347,
      "bash-3.2$ "
    ],
    [
      2.62392,
      "t"
    ],
    [
      0.224067,
      "r"
    ],
    [
      0.087868,
      "e"
    ],
    [
      0.15171,
      "e"
    ],
    [
      0.104369,
      " "
    ],
    [
      0.71212,
      "."
    ],
    [
      0.304031,
      "g"
    ],
    [
      0.095882,
      "i"
    ],
    [
      0.104119,
      "t"
    ],
    [
      1.079882,
      "/"
    ],
    [
      2.447993,
      "o"
    ],
    [
      0.104032,
      "b"
    ],
    [
      0.128112,
      "j"
    ],
    [
      0.175115,
      "ects/"
    ],
    [
      0.584925,
      "\r\n"
    ],
    [
      0.005579,
      ".git/objects/\r\n├── info\r\n"
    ],
    [
      3.7e-05,
      "└── pack\r\n\r\n2 directories, 0 files\r\n"
    ],
    [
      0.0009,
      "bash-3.2$ "
    ]
  ]
}